"Sample","Time","ColonyFormingUnitsPerDroplet","Likelihood","LowerCI","UpperCI","GridSize","ExcludedWellPositions","ExcludedGridPositions","TotalExclusions"
"SPAC17H9.11",0,1953.12745307326,0.0434419007523838,794.198383127702,4415.04233470628,4,"","",0
"SPAC23E2.01",0,1079.72936376844,0.00216972514667298,479.142902625535,2195.65527915088,4,"","",0
"SPAC8E11.07c",0,727.444695933646,0.00283668574974398,309.607147815756,1551.72668082291,4,"","",0
"SPAC227.17c",0,352.768444819046,0.00431038010972224,157.21448900541,714.239320474316,4,"","",0
"SPBC23G7.13c",0,462.03170762752,0.0119661232818754,191.552668763091,1021.58327208646,4,"","",0
"SPBC23G7.06c",0,599.23976154407,0.0093195800847651,268.755016984677,1201.3589902915,4,"","",0
"SPBC691.04",0,921.727486023066,0.000222608205387082,449.093395525065,1712.4443064423,4,"","",0
"SPCC794.08",0,895.608667026698,0.0180784793574915,388.565731910997,1868.4747572667,4,"","",0
"SPAC4F10.20",0,3671.45543380419,0.0393157553302479,1579.41276708081,7736.37508640778,4,"","",0
"SPBC119.06",0,574.761854037803,0.0155190601574461,241.975586844747,1241.54683057574,4,"","",0
"SPBC18E5.07",0,1830.75314508013,0.0633720591112193,758.357764301012,4035.27056392192,4,"","",0
"SPBC405.04c",0,1139.64908018248,0.0457569891002825,462.416060487325,2599.27999936081,4,"","",0
"SPBC776.15c",0,323.877285611919,0.0123609670462219,137.538314196908,694.729078362417,4,"","",0
"SPAC22F3.10c",0,810.489440216744,0.0673897316356306,335.32485606,1793.28892260343,4,"","",0
"SPBC1711.13",0,791.156060639742,0.0197841270384924,329.353681773705,1737.10928113109,4,"","",0
"SPBC29A3.01",0,649.195671304002,0.0428088429241253,264.185790797329,1466.28164633775,4,"","",0
"SPCC162.12",0,3251.27745805312,0.00222337506522265,1441.8292338886,6615.16844195409,4,"","",0
"SPAC26F1.10c",0,597.938730304692,0.0189514993917299,248.97983913445,1310.27686699198,4,"","",0
"SPCC1753.02c",0,1262.59443525101,0.0233776879387896,538.992999030313,2683.4959867763,4,"","",0
"SPAC227.04",0,1262.59443525101,0.0233776879387896,538.992999030313,2683.4959867763,4,"","",0
"SPBC17G9.10",0,1347.45246519886,0.00389573216264689,563.10710357609,2948.66797648759,4,"","",0
"SPAC1556.02c",0,141.928112756079,0.00201205522190931,64.5802830916307,280.513502112447,4,"","",0
"SPCC4G3.04c",0,1139.64908018248,0.0457569891002825,462.416060487325,2599.27999936081,4,"","",0
"972 h-",0,1010.72113959911,0.0518412439868866,425.101861008125,2191.92521616974,4,"","",0
"SPBC1683.01",0,3806.28342533203,0.0240554376397967,1623.1682423405,8097.57123402921,4,"","",0
"SPAC3A11.11c",0,4424.8678282677,0.000198137920546922,2070.15307663339,8491.62851284004,4,"","",0
"SPACUNK4.15",0,2088.75721268022,0.00391751048099809,963.930004235899,4071.09321464655,4,"","",0
"SPBC16E9.19",0,981.53548593591,0.0392888633942672,415.832977716474,2110.54583471764,4,"","",0
"SPBC9B6.03",0,3981.39487093864,0.0012968927789665,1798.43944324442,7921.18505615603,4,"","",0
"SPCC1494.08c",0,4461.83492403013,0.0574527162051412,1813.76219165987,10106.311377145,4,"","",0
"SPCC18.17c",0,1010.72113959911,0.0518412439868866,425.101861008125,2191.92521616974,4,"","",0
"SPCC1827.04",0,1437.60012808156,0.0106508658247947,635.73164874045,2931.35904262898,4,"","",0
"SPAC12B10.14c",0,3436.39430194824,0.046952829273224,1392.46210437931,7849.89555163521,4,"","",0
"SPAC1952.09c",0,112.101030526316,0.0513185326086405,47.169989754398,243.007971985263,4,"","",0
"SPAC1F3.10c",0,981.53548593591,0.0392888633942672,415.832977716474,2110.54583471764,4,"","",0
"SPAC26H5.07c",0,2632.40800878943,0.0053384779907754,1147.29505162621,5464.66382424631,4,"","",0
"SPAC57A7.05",0,981.53548593591,0.0392888633942672,415.832977716474,2110.54583471764,4,"","",0
"SPAC5D6.06c",0,1700.46822465749,0.0127771551273033,718.318255332807,3659.64789950095,4,"","",0
"SPBC21H7.04",0,437.103326976694,0.000373273846639974,183.921587031687,949.67748624748,4,"","",0
"SPCC162.04c",0,1201.23514640223,0.00390980707610466,518.849856060328,2521.65964323025,4,"","",0
"SPAC10F6.05c",0,1688.96149216773,0.00136596715159212,714.587350765833,3629.25016013436,4,"","",0
"SPAC144.08",0,2254.5106888,0.0345307383137603,952.307736918133,4848.97710045773,4,"","",0
"SPAC16A10.05c",0,810.489440216744,0.0673897316356306,335.32485606,1793.28892260343,4,"","",0
"SPBC16E9.11c",0,2254.5106888,0.0345307383137603,952.307736918133,4848.97710045773,4,"","",0
"SPBC215.04",0,1477.59823323838,0.0555614140755587,601.683738353762,3340.57874173766,4,"","",0
"SPBC725.02",0,810.489440216744,0.0673897316356306,335.32485606,1793.28892260343,4,"","",0
"SPBC839.11c",0,574.761854037803,0.0155190601574461,241.975586844747,1241.54683057574,4,"","",0
"SPBP8B7.25",0,3671.45543380419,0.0393157553302479,1579.41276708081,7736.37508640778,4,"","",0
"SPAC17H9.11",2,1801.30052004404,0.00944666664355296,807.564254916454,3612.38122495381,4,"","",0
"SPAC23E2.01",2,46.7461468304417,1.11145352220307e-09,24.5512328913724,81.4937214589823,4,"","",0
"SPAC8E11.07c",2,322.646477785688,0.00134355812247957,137.132648429669,691.490992279798,4,"","",0
"SPAC227.17c",2,2.05607212870334,0.0217747467683274,0.844872796453301,4.26888513006543,4,"","",0
"SPBC23G7.13c",2,0,1,0,0.320115312805095,4,"","",0
"SPBC23G7.06c",2,0.950256036803148,0.0237640777249949,0.289383175286202,2.29184927628179,4,"","",0
"SPBC691.04",2,0,1,0,0.320115312805095,4,"","",0
"SPCC794.08",2,0.18232193329838,0.26791893283428,0.0103896074620061,0.806561868501326,4,"","",0
"SPAC4F10.20",2,2205.74539535705,0.00281430101693577,1007.33907972871,4351.54745788395,4,"","",0
"SPBC119.06",2,0,1,0,0.320115312805095,4,"","",0
"SPBC18E5.07",2,649.195671304002,0.0428088429241253,264.185790797329,1466.28164633775,4,"","",0
"SPBC405.04c",2,468.473308986652,0.0386009146826479,193.520059546901,1040.00520827247,4,"","",0
"SPBC776.15c",2,0.344140603394663,0.00316429383273934,0.0572120115651111,1.06326224275273,4,"","",0
"SPAC22F3.10c",2,0.18232193329838,0.26791893283428,0.0103896074620061,0.806561868501326,4,"","",0
"SPBC1711.13",2,2.80370588907309,0.00199643791364031,1.18276871346122,5.86916063795303,4,"","",0
"SPBC29A3.01",2,28.970078008834,0.00206519240601883,12.0927670289402,63.4126981883336,4,"","",0
"SPCC162.12",2,1139.64908018248,0.0457569891002825,462.416060487325,2599.27999936081,4,"","",0
"SPAC26F1.10c",2,705.623670191077,0.00215354041170143,324.901949990257,1378.34161853056,4,"","",0
"SPCC1753.02c",2,981.53548593591,0.0392888633942672,415.832977716474,2110.54583471764,4,"","",0
"SPAC227.04",2,18.6580494391103,0.0216014972793669,8.16066411047878,38.475396588328,4,"","",0
"SPBC17G9.10",2,5910.003849171,0.0454092604955997,2397.83552285447,13393.6348119352,4,"","",0
"SPAC1556.02c",2,6.14095511587383,0.00665771183439351,2.69227645898636,12.6327401307797,4,"","",0
"SPCC4G3.04c",2,0.18232193329838,0.26791893283428,0.0103896074620061,0.806561868501326,4,"","",0
"972 h-",2,3044.48774878696,0.0530404351147314,1279.3270748263,6608.69187156742,4,"","",0
"SPBC1683.01",2,2078.59258570858,0.0012600381745923,959.95767700531,4048.58043883393,4,"","",0
"SPAC3A11.11c",2,2439.71605769306,0.0686365091256382,1008.52665359479,5402.9823425115,4,"","",0
"SPACUNK4.15",2,1388.78562292511,0.012091738422176,575.470015183753,3072.18694116738,4,"","",0
"SPBC16E9.19",2,889.684343833797,0.0195683799464363,357.99475701132,2052.04885398705,4,"","",0
"SPBC9B6.03",2,629.681874532278,0.00633375074785298,279.469379562375,1277.25009684666,4,"","",0
"SPCC1494.08c",2,1698.17648140305,0.00430044068146491,770.285778639219,3365.01749386221,4,"","",0
"SPCC18.17c",2,0.171475573552589,0.0840983361749291,0.00978302731756365,0.755360405281684,4,"","",0
"SPCC1827.04",2,4570.90144887317,0.0227359490302058,1996.0019774907,9438.52055395869,4,"","",0
"SPAC12B10.14c",2,4190.82095284935,0.0124780764072585,1734.02669493744,9284.53359956768,4,"","",0
"SPAC1952.09c",2,2.02914463421614,0.00671660148971444,0.83485189217114,4.20443690120969,4,"","",0
"SPAC1F3.10c",2,0,1,0,0.320115312805095,4,"","",0
"SPAC26H5.07c",2,1798.23484163025,0.0192094278015728,748.307733473953,3942.86832230237,4,"","",0
"SPAC57A7.05",2,629.681874532278,0.00633375074785298,279.469379562375,1277.25009684666,4,"","",0
"SPAC5D6.06c",2,0.171475573552589,0.0840983361749291,0.00978302731756365,0.755360405281684,4,"","",0
"SPBC21H7.04",2,0,1,0,0.320115312805095,4,"","",0
"SPCC162.04c",2,1262.59443525101,0.0233776879387896,538.992999030313,2683.4959867763,4,"","",0
"SPAC10F6.05c",2,608.706764155254,0.0625059011247953,252.31149591699,1340.83691407209,4,"","",0
"SPAC144.08",2,2270.66962881172,0.000158657538112386,1088.22677698581,4268.11402767761,4,"","",0
"SPAC16A10.05c",2,323.877285611919,0.0123609670462219,137.538314196908,694.729078362417,4,"","",0
"SPBC16E9.11c",2,1218.21336835031,0.0382466042408754,524.56218726002,2564.78525169206,4,"","",0
"SPBC215.04",2,733.753208563397,0.0268391437574471,311.691541863202,1568.29061681952,4,"","",0
"SPBC725.02",2,686.973527562509,0.0062461808870159,296.684912409181,1438.60705099855,4,"","",0
"SPBC839.11c",2,165.852872917905,0.00666972545941469,72.7291669971919,341.196008716055,4,"","",0
"SPBP8B7.25",2,1098.44406247864,0.0127376165044289,450.39773571221,2470.66044364253,4,"","",0
"SPAC17H9.11",4,227.954497327849,0.00114707790289698,105.502809221673,443.073833698296,4,"","",0
"SPAC23E2.01",4,0,1,0,0.320115312805095,4,"","",0
"SPAC8E11.07c",4,24.4614455427756,0.000907008815316329,11.3971116816918,47.1855874993712,4,"","",0
"SPAC227.17c",4,0,1,0,0.320115312805095,4,"","",0
"SPBC23G7.13c",4,0,1,0,0.320115312805095,4,"","",0
"SPBC23G7.06c",4,0,1,0,0.320115312805095,4,"","",0
"SPBC691.04",4,0,1,0,0.320115312805095,4,"","",0
"SPCC794.08",4,0,1,0,0.320115312805095,4,"","",0
"SPAC4F10.20",4,224.706954648997,0.00186066750261191,97.444499122618,468.55449246888,4,"","",0
"SPBC119.06",4,0,1,0,0.320115312805095,4,"","",0
"SPBC18E5.07",4,785.289628755556,0.00633245382487873,327.500592662605,1720.69667104052,4,"","",0
"SPBC405.04c",4,1.99683904126625,0.0551759301390218,0.742462835148029,4.5546358823015,4,"","",0
"SPBC776.15c",4,0,1,0,0.320115312805095,4,"","",0
"SPAC22F3.10c",4,0,1,0,0.320115312805095,4,"","",0
"SPBC1711.13",4,0,1,0,0.320115312805095,4,"","",0
"SPBC29A3.01",4,0,1,0,0.320115312805095,4,"","",0
"SPCC162.12",4,216.194395064994,0.0426002743200338,87.9991282156182,488.171091396972,4,"","",0
"SPAC26F1.10c",4,269.859476791976,0.0669801141333445,111.677904650169,596.921987930996,4,"","",0
"SPCC1753.02c",4,296.164858018584,0.019437867247182,119.213040963847,682.798802890281,4,"","",0
"SPAC227.04",4,0,1,0,0.320115312805095,4,"","",0
"SPBC17G9.10",4,1688.96149216773,0.00136596715159212,714.587350765833,3629.25016013436,4,"","",0
"SPAC1556.02c",4,1.56746563646628,0.0107249510406497,0.604098161284614,3.3443385462308,4,"","",0
"SPCC4G3.04c",4,0,1,0,0.320115312805095,4,"","",0
"972 h-",4,22.7997891416186,0.000202473666323465,10.1621778103918,46.0567237598142,4,"","",0
"SPBC1683.01",4,4.31642341355741,0.00361413919433154,1.92150113506666,8.72660215071628,4,"","",0
"SPAC3A11.11c",4,52.006799220052,0.0384199412061226,21.4877455493219,115.426842869429,4,"","",0
"SPACUNK4.15",4,3.01308406913143,0.0266313821028591,1.25393364274577,6.44216486408216,4,"","",0
"SPBC16E9.19",4,4647.58935066474,0.000475672464511436,2156.33885014448,8984.54653191923,4,"","",0
"SPBC9B6.03",4,15.0057946669178,0.0377311566729102,6.46475298553686,31.5788000175914,4,"","",0
"SPCC1494.08c",4,1408.21222320047,0.0390118190999547,581.397428222641,3127.79560224458,4,"","",0
"SPCC18.17c",4,0,1,0,0.320115312805095,4,"","",0
"SPCC1827.04",4,1139.64908018248,0.0457569891002825,462.416060487325,2599.27999936081,4,"","",0
"SPAC12B10.14c",4,0.377469134373504,0.102168520969493,0.0625917296114753,1.17357378250323,4,"","",0
"SPAC1952.09c",4,0.18232193329838,0.26791893283428,0.0103896074620061,0.806561868501326,4,"","",0
"SPAC1F3.10c",4,0,1,0,0.320115312805095,4,"","",0
"SPAC26H5.07c",4,0.635287917317113,0.0985932460194819,0.156600134194172,1.67862762151407,4,"","",0
"SPAC57A7.05",4,6.93113067104596,0.000451123811994135,3.14810835351446,13.7191898914204,4,"","",0
"SPAC5D6.06c",4,0,1,0,0.320115312805095,4,"","",0
"SPBC21H7.04",4,0,1,0,0.320115312805095,4,"","",0
"SPCC162.04c",4,4.30483020511873,0.00118340674337771,1.91722348781999,8.69958237833722,4,"","",0
"SPAC10F6.05c",4,6.06106970687802,0.0546474354588385,2.46880355492856,13.6900132852434,4,"","",0
"SPAC144.08",4,629.681874532278,0.00633375074785298,279.469379562375,1277.25009684666,4,"","",0
"SPAC16A10.05c",4,326.759613189425,0.0389998619922469,138.47936579401,702.429351147965,4,"","",0
"SPBC16E9.11c",4,199.614373212971,0.00927765447319148,89.5346607531363,400.157645603415,4,"","",0
"SPBC215.04",4,216.194395064994,0.0426002743200338,87.9991282156182,488.171091396972,4,"","",0
"SPBC725.02",4,44.7466096728389,0.0121429080703024,19.3042074042035,94.0352987969935,4,"9","",1
"SPBC839.11c",4,228.79756917232,0.00621398102830096,98.8270425436814,479.045786367488,4,"","",0
"SPBP8B7.25",4,1953.12745307326,0.0434419007523838,794.198383127702,4415.04233470628,4,"","",0
"SPAC17H9.11",6,64.7694504741539,0.0104037246047392,25.6778910600275,141.827996091819,3,"12, 11","1",3
"SPAC23E2.01",6,0,1,0,0.320120200579237,4,"11, 12","",2
"SPAC8E11.07c",6,4.15085174504646,0.0512568338870308,1.73785598409403,8.99788376098196,4,"","",0
"SPAC227.17c",6,0,1,0,0.320115312805095,4,"","",0
"SPBC23G7.13c",6,0,1,0,0.320115312805095,4,"","",0
"SPBC23G7.06c",6,0,1,0,0.320115312805095,4,"","",0
"SPBC691.04",6,0,1,0,0.320115312805095,4,"","",0
"SPCC794.08",6,0,1,0,0.320115312805095,4,"","",0
"SPAC4F10.20",6,1.26358194326478,0.0421164088921894,0.441501254706776,2.84562002591052,4,"","",0
"SPBC119.06",6,0,1,0,0.320115312805095,4,"","",0
"SPBC18E5.07",6,43.5347500696761,0.0103710328506316,18.9032071420659,90.8484896520731,4,"","",0
"SPBC405.04c",6,0,1,0,0.320115312805095,4,"","",0
"SPBC776.15c",6,0,1,0,0.320115312805095,4,"","",0
"SPAC22F3.10c",6,0,1,0,0.320115312805095,4,"","",0
"SPBC1711.13",6,0,1,0,0.320115312805095,4,"","",0
"SPBC29A3.01",6,0,1,0,0.320115312805095,4,"","",0
"SPCC162.12",6,4.47382295176288,0.00680114312509617,1.97798212419897,9.10864722029527,4,"","",0
"SPAC26F1.10c",6,15.550335708781,0.0230512528071206,6.64198752660868,33.0343559856395,4,"","",0
"SPCC1753.02c",6,80.8978419312942,0.00855332832814044,34.4233681712089,172.597074363878,4,"","",0
"SPAC227.04",6,0,1,0,0.320115312805095,4,"","",0
"SPBC17G9.10",6,11.0390621016825,0.0178989788478198,4.79106045940815,23.0228018978568,4,"","",0
"SPAC1556.02c",6,0.18232193329838,0.26791893283428,0.0103896074620061,0.806561868501326,4,"","",0
"SPCC4G3.04c",6,0,1,0,0.320115312805095,4,"","",0
"972 h-",6,0,1,0,0.320115312805095,4,"","",0
"SPBC1683.01",6,0,1,0,0.320115312805095,4,"","",0
"SPAC3A11.11c",6,1.4979363626958,0.0470583675652336,0.512028372583583,3.52464176596738,4,"","",0
"SPACUNK4.15",6,0,1,0,0.320115312805095,4,"","",0
"SPBC16E9.19",6,133.65946495779,0.0118287406252457,57.7155203975068,280.660635931188,4,"","",0
"SPBC9B6.03",6,0,1,0,0.320115312805095,4,"","",0
"SPCC1494.08c",6,161.281066245328,0.0127319175667551,71.1827559288536,329.450246610132,4,"","",0
"SPCC18.17c",6,0,1,0,0.320115312805095,4,"","",0
"SPCC1827.04",6,269.859476791976,0.0669801141333445,111.677904650169,596.921987930996,4,"","",0
"SPAC12B10.14c",6,0,1,0,0.320115312805095,4,"","",0
"SPAC1952.09c",6,0.18232193329838,0.26791893283428,0.0103896074620061,0.806561868501326,4,"","",0
"SPAC1F3.10c",6,0,1,0,0.320115312805095,4,"","",0
"SPAC26H5.07c",6,0,1,0,0.320115312805095,4,"","",0
"SPAC57A7.05",6,0,1,0,0.320115312805095,4,"","",0
"SPAC5D6.06c",6,0,1,0,0.320115312805095,4,"","",0
"SPBC21H7.04",6,0,1,0,0.320115312805095,4,"","",0
"SPCC162.04c",6,0.561675756693222,0.00257925754758805,0.139215425739196,1.46667533723717,4,"","",0
"SPAC10F6.05c",6,1.69036120938219,0.0236022537512753,0.646742626482394,3.65461441839518,4,"","",0
"SPAC144.08",6,336.45380692254,0.0514486265881693,141.560085015086,729.444691829987,4,"","",0
"SPAC16A10.05c",6,202.73142313916,0.0622203018688754,84.0491451003955,446.457902444101,4,"","",0
"SPBC16E9.11c",6,17.3343293759952,0.0384049056031498,7.16217585297602,38.4719592955331,4,"","",0
"SPBC215.04",6,17.9156316675693,0.0127113295209574,7.90752225836125,36.5944978963587,4,"","",0
"SPBC725.02",6,14.034648734083,0.0451799116984794,5.698564692125,31.9851914674685,4,"","",0
"SPBC839.11c",6,1.69036120938219,0.0236022537512753,0.646742626482394,3.65461441839518,4,"","",0
"SPBP8B7.25",6,89.9194856766556,0.066844230772048,37.2150946193749,198.875052314951,4,"","",0
"SPAC17H9.11",8,3.65338879070166,0.0193751477099096,1.45276759553064,8.42177086073024,4,"","",0
"SPAC23E2.01",8,0,1,0,0.320115312805095,4,"","",0
"SPAC8E11.07c",8,0,1,0,0.320115312805095,4,"","",0
"SPAC227.17c",8,0,1,0,0.320115312805095,4,"","",0
"SPBC23G7.13c",8,0,1,0,0.320115312805095,4,"","",0
"SPBC23G7.06c",8,0,1,0,0.320115312805095,4,"","",0
"SPBC691.04",8,0,1,0,0.320115312805095,4,"","",0
"SPCC794.08",8,0,1,0,0.320115312805095,4,"","",0
"SPAC4F10.20",8,0,1,0,0.320115312805095,4,"","",0
"SPBC119.06",8,0,1,0,0.320115312805095,4,"","",0
"SPBC18E5.07",8,2.85361923866632,0.00382939532922225,1.29599399699921,5.56383587104594,4,"","",0
"SPBC405.04c",8,0,1,0,0.320115312805095,4,"","",0
"SPBC776.15c",8,0,1,0,0.320115312805095,4,"","",0
"SPAC22F3.10c",8,0,1,0,0.320115312805095,4,"","",0
"SPBC1711.13",8,0,1,0,0.320115312805095,4,"","",0
"SPBC29A3.01",8,0,1,0,0.320115312805095,4,"","",0
"SPCC162.12",8,0.941300281154181,0.00764556392943595,0.286778454965875,2.26828903560188,4,"","",0
"SPAC26F1.10c",8,0,1,0,0.320115312805095,4,"","",0
"SPCC1753.02c",8,13.925233091935,0.000901346371058345,6.10239191985786,28.7844692675946,4,"","",0
"SPAC227.04",8,0,1,0,0.320115312805095,4,"","",0
"SPBC17G9.10",8,0.635287917317113,0.0985932460194819,0.156600134194172,1.67862762151407,4,"","",0
"SPAC1556.02c",8,0,1,0,0.320115312805095,4,"","",0
"SPCC4G3.04c",8,0,1,0,0.320115312805095,4,"","",0
"972 h-",8,0,1,0,0.320115312805095,4,"","",0
"SPBC1683.01",8,0,1,0,0.320115312805095,4,"","",0
"SPAC3A11.11c",8,0,1,0,0.320115312805095,4,"","",0
"SPACUNK4.15",8,0,1,0,0.320115312805095,4,"","",0
"SPBC16E9.19",8,89.9194856766556,0.066844230772048,37.2150946193749,198.875052314951,4,"","",0
"SPBC9B6.03",8,0,1,0,0.320115312805095,4,"","",0
"SPCC1494.08c",8,22.1728536358104,0.00925909032811023,9.94576460877979,44.4462837174875,4,"","",0
"SPCC18.17c",8,0,1,0,0.320115312805095,4,"","",0
"SPCC1827.04",8,249.520405148821,0.0337597368442997,105.491667524874,536.183070312196,4,"","",0
"SPAC12B10.14c",8,0,1,0,0.320115312805095,4,"","",0
"SPAC1952.09c",8,0,1,0,0.320115312805095,4,"","",0
"SPAC1F3.10c",8,0,1,0,0.320115312805095,4,"","",0
"SPAC26H5.07c",8,0,1,0,0.320115312805095,4,"","",0
"SPAC57A7.05",8,0,1,0,0.320115312805095,4,"","",0
"SPAC5D6.06c",8,0,1,0,0.320115312805095,4,"","",0
"SPBC21H7.04",8,0,1,0,0.320115312805095,4,"","",0
"SPCC162.04c",8,0,1,0,0.320115312805095,4,"","",0
"SPAC10F6.05c",8,0,1,0,0.320115312805095,4,"","",0
"SPAC144.08",8,216.194395064994,0.0426002743200338,87.9991282156182,488.171091396972,4,"","",0
"SPAC16A10.05c",8,1.62610798823476,0.0388232297362019,0.624577362354467,3.49075433719587,4,"","",0
"SPBC16E9.11c",8,5.77796643212711,0.0383998998417411,2.38557195615718,12.8239340672526,4,"","",0
"SPBC215.04",8,8.00356562694949,0.0425002849541188,3.25791391074167,18.0691328155359,4,"","",0
"SPBC725.02",8,1.4979363626958,0.0470583675652336,0.512028372583583,3.52464176596738,4,"","",0
"SPBC839.11c",8,0,1,0,0.320115312805095,4,"","",0
"SPBP8B7.25",8,53.116717307243,0.0104858894977324,23.5003777819034,108.267602720016,4,"","",0
"SPAC17H9.11",10,0.979626036581098,0.0796634982818204,0.297764886762895,2.37186119005336,4,"","",0
"SPAC23E2.01",10,0,1,0,0.320115312805095,4,"","",0
"SPAC8E11.07c",10,0,1,0,0.320115312805095,4,"","",0
"SPAC227.17c",10,0,1,0,0.320115312805095,4,"","",0
"SPBC23G7.13c",10,0,1,0,0.320115312805095,4,"","",0
"SPBC23G7.06c",10,0,1,0,0.320115312805095,4,"","",0
"SPBC691.04",10,0,1,0,0.320115312805095,4,"","",0
"SPCC794.08",10,0,1,0,0.320115312805095,4,"","",0
"SPAC4F10.20",10,0,1,0,0.320115312805095,4,"","",0
"SPBC119.06",10,0,1,0,0.320115312805095,4,"","",0
"SPBC18E5.07",10,3.22508702406243,0.00627840589044546,1.32220528424665,7.0665345317071,4,"","",0
"SPBC405.04c",10,0,1,0,0.320115312805095,4,"","",0
"SPBC776.15c",10,0,1,0,0.320115312805095,4,"","",0
"SPAC22F3.10c",10,0,1,0,0.320115312805095,4,"","",0
"SPBC1711.13",10,0,1,0,0.320115312805095,4,"","",0
"SPBC29A3.01",10,0,1,0,0.320115312805095,4,"","",0
"SPCC162.12",10,0,1,0,0.320115312805095,4,"","",0
"SPAC26F1.10c",10,0.171475573552589,0.0840983361749291,0.00978302731756365,0.755360405281684,4,"","",0
"SPCC1753.02c",10,5.87908259270374,0.00340910523700518,2.60207389498705,11.9759301060722,4,"","",0
"SPAC227.04",10,0,1,0,0.320115312805095,4,"","",0
"SPBC17G9.10",10,0.979626036581098,0.0796634982818204,0.297764886762895,2.37186119005336,4,"","",0
"SPAC1556.02c",10,0,1,0,0.320115312805095,4,"","",0
"SPCC4G3.04c",10,0,1,0,0.320115312805095,4,"","",0
"972 h-",10,0,1,0,0.320115312805095,4,"","",0
"SPBC1683.01",10,0,1,0,0.320148301411662,4,"9","",1
"SPAC3A11.11c",10,0,1,0,0.320115312805095,4,"","",0
"SPACUNK4.15",10,0,1,0,0.320115312805095,4,"","",0
"SPBC16E9.19",10,40.5905003651389,0.0125865775035229,16.6536972943366,91.2375902075519,4,"","",0
"SPBC9B6.03",10,0,1,0,0.320115312805095,4,"","",0
"SPCC1494.08c",10,1.56746563646628,0.0107249510406497,0.604098161284614,3.3443385462308,4,"","",0
"SPCC18.17c",10,0,1,0,0.320115312805095,4,"","",0
"SPCC1827.04",10,36.2859879479651,0.0388722181202974,15.3796009978082,77.9909954532132,4,"","",0
"SPAC12B10.14c",10,0,1,0,0.320115312805095,4,"","",0
"SPAC1952.09c",10,0,1,0,0.320115312805095,4,"","",0
"SPAC1F3.10c",10,0,1,0,0.320115312805095,4,"","",0
"SPAC26H5.07c",10,0,1,0,0.320115312805095,4,"","",0
"SPAC57A7.05",10,0.168229516207376,0.0275054576013431,0.00959893183630196,0.740754788440761,4,"","",0
"SPAC5D6.06c",10,0.166838674665913,0.0030309388189201,0.00951970138620834,0.734594670336857,4,"","",0
"SPBC21H7.04",10,0,1,0,0.320115312805095,4,"","",0
"SPCC162.04c",10,0,1,0,0.320115312805095,4,"","",0
"SPAC10F6.05c",10,0,1,0,0.320115312805095,4,"","",0
"SPAC144.08",10,120.818952705078,0.00681004122660837,53.5425171546762,245.989880453415,4,"","",0
"SPAC16A10.05c",10,0.405466037456268,0.131687845628391,0.0670361032739865,1.27015484969129,4,"","",0
"SPBC16E9.11c",10,3.679215363063,0.0178986425482057,1.58452501513138,7.67420125708352,4,"","",0
"SPBC215.04",10,5.00182273104371,0.0377269413483783,2.15174222524766,10.5261313302543,4,"","",0
"SPBC725.02",10,0,1,0,0.320115312805095,4,"","",0
"SPBC839.11c",10,0.353349812398808,0.0112519451099984,0.0587247484603518,1.09240161792414,4,"","",0
"SPBP8B7.25",10,3.65338879070166,0.0193751477099096,1.45276759553064,8.42177086073024,4,"","",0
"SPAC17H9.11",12,1.56746563646628,0.0107249510406497,0.604098161284614,3.3443385462308,4,"","",0
"SPAC23E2.01",12,0,1,0,0.320115312805095,4,"","",0
"SPAC8E11.07c",12,0,1,0,0.320115312805095,4,"","",0
"SPAC227.17c",12,0,1,0,0.320115312805095,4,"","",0
"SPBC23G7.13c",12,0,1,0,0.320411882453248,4,"7","",1
"SPBC23G7.06c",12,0,1,0,0.320115312805095,4,"","",0
"SPBC691.04",12,0,1,0,0.320115312805095,4,"","",0
"SPCC794.08",12,0,1,0,0.320115312805095,4,"","",0
"SPAC4F10.20",12,0,1,0,0.320115312805095,4,"","",0
"SPBC119.06",12,0,1,0,0.320115312805095,4,"","",0
"SPBC18E5.07",12,1.89838963591978,0.038897419568505,0.711342880777002,4.26383556193456,4,"","",0
"SPBC405.04c",12,0,1,0,0.320115312805095,4,"","",0
"SPBC776.15c",12,0,1,0,0.320115312805095,4,"","",0
"SPAC22F3.10c",12,0,1,0,0.320115312805095,4,"","",0
"SPBC1711.13",12,0,1,0,0.320115312805095,4,"","",0
"SPBC29A3.01",12,0,1,0,0.320115312805095,4,"","",0
"SPCC162.12",12,0,1,0,0.320115312805095,4,"","",0
"SPAC26F1.10c",12,0.979626036581098,0.0796634982818204,0.297764886762895,2.37186119005336,4,"","",0
"SPCC1753.02c",12,8.98740459294493,0.00854638753002666,3.82434663775283,19.1743320769897,4,"","",0
"SPAC227.04",12,0,1,0,0.320115312805095,4,"","",0
"SPBC17G9.10",12,0,1,0,0.320115312805095,4,"","",0
"SPAC1556.02c",12,0.570102717257615,0.00718085036816984,0.141247762821942,1.48997507205125,4,"","",0
"SPCC4G3.04c",12,0,1,0,0.320115312805095,4,"","",0
"972 h-",12,0,1,0,0.320115312805095,4,"","",0
"SPBC1683.01",12,0,1,0,0.320115312805095,4,"","",0
"SPAC3A11.11c",12,0,1,0,0.320115312805095,4,"","",0
"SPACUNK4.15",12,0,1,0,0.320115312805095,4,"","",0
"SPBC16E9.19",12,39.9628676721772,0.000429923218577688,16.4632517215486,89.398748943787,4,"","",0
"SPBC9B6.03",12,0,1,0,0.320115312805095,4,"","",0
"SPCC1494.08c",12,0.619684912386281,0.0306017752884288,0.152879862737252,1.6344237027586,4,"","",0
"SPCC18.17c",12,0,1,0,0.320115312805095,4,"","",0
"SPCC1827.04",12,4.03133273217966,0.0388589348457226,1.69906500123745,8.66498836972743,4,"","",0
"SPAC12B10.14c",12,0,1,0,0.320115312805095,4,"","",0
"SPAC1952.09c",12,0,1,0,0.320115312805095,4,"","",0
"SPAC1F3.10c",12,0,1,0,0.320115312805095,4,"","",0
"SPAC26H5.07c",12,0.171475573552589,0.0840983361749291,0.00978302731756365,0.755360405281684,4,"","",0
"SPAC57A7.05",12,0,1,0,0.320115312805095,4,"","",0
"SPAC5D6.06c",12,0,1,0,0.320115312805095,4,"","",0
"SPBC21H7.04",12,0,1,0,0.320115312805095,4,"","",0
"SPCC162.04c",12,0,1,0,0.320115312805095,4,"","",0
"SPAC10F6.05c",12,0,1,0,0.320115312805095,4,"","",0
"SPAC144.08",12,62.3050366779042,4.94454648735668e-05,26.3853559330729,133.765119516573,4,"","",0
"SPAC16A10.05c",12,0.225012148629467,0.0275917292158596,0.0128387612178847,0.990820925479633,3,"","3",1
"SPBC16E9.11c",12,1.56746563646628,0.0107249510406497,0.604098161284614,3.3443385462308,4,"","",0
"SPBC215.04",12,3.65160774740691,0.00569836157442323,1.57475535693681,7.60505405369131,4,"","",0
"SPBC725.02",12,0,1,0,0.320115312805095,4,"","",0
"SPBC839.11c",12,0.171475573552589,0.0840983361749291,0.00978302731756365,0.755360405281684,4,"","",0
"SPBP8B7.25",12,0.864574954780284,0.034097030504425,0.265408696844104,2.05200771026956,4,"","",0
